{"cameraMode":{"drawMode":0,"name":"Shaded","section":"Shading Mode"},"sceneLighting":true,"audioPlay":false,"sceneViewState":{"m_AlwaysRefresh":false,"showFog":true,"showSkybox":false,"showFlares":true,"showImageEffects":true,"showParticleSystems":true,"showVisualEffectGraphs":true,"m_FxEnabled":true},"in2DMode":false,"pivot":{"x":-18.06946563720703,"y":14.117475509643555,"z":119.29289245605469},"rotation":{"x":0.13562507927417756,"y":0.8095479607582092,"z":-0.20611710846424104,"w":0.532691240310669},"size":0.10022758692502976,"orthographic":false}